64187b70-c8fa-438b-b841-6b68f5e38b18|PLC|+375503797747|UK
83773051-4218-40ca-9c7c-9579aca2926a|PHC|+375360694352|RU
18c3bf35-6527-4a4c-bc17-228a2094f071|ME|bqVNvtest@test.com|BY
6539efff-8252-4ee4-a083-5594f6af71f2|PLC|+375405823590|BY
4ccc83fa-cab5-45cd-9623-1a359fdc8a71|PHC|+375547314026|RU
6bdbab15-38ba-4f99-9735-3c93faf3a5fb|AE|hTKv6test@test.com|DE
623a9bdd-8000-481e-a79c-9d63547a8c3e|PHC|+375512988569|UK
1698cbeb-8354-4765-943d-00b2fa3a404a|PLC|+375738356055|CA
579be987-f508-4b8e-8975-9df28bddbf02|PHC|+375492472755|UK
f33be254-f75b-4d20-bfba-bf95ce7d8486|SMS|+375854999566|RU
b10d78e2-da03-44ed-aa6e-a4cdb3bcb12c|PLC|+375765889435|UA
72d4aca7-130d-44fc-aa93-f4e844f2b04d|PHC|+375766728347|UA
2598d8f7-b866-4004-913f-07ab67c116db|PLC|+375822445718|DE
6ddccafe-88f1-4554-84a6-72283bb1a316|ME|l3qZLtest@test.com|BY
80c02d0f-e018-46ac-8896-cb11e44a6829|ME|ggXmGtest@test.com|BY
b0f6bcb6-60ce-45e0-aaf8-755ec7e3c39d|PHC|+375613743106|BY
50be8377-d6ef-47bc-9e00-306db94b529c|PLC|+375625859174|BY
ebdc25d0-9d48-42c9-9120-5e31b15046f1|AE|gzcA2test@test.com|UA
4bceae0b-75c7-41c3-8fef-d9b6fa50fa0e|PHC|+375553549821|DK
8516aad7-d61f-4d71-9f5b-bfb5319122b0|PLC|+375477179748|UA
55dfa2e5-f818-424c-a93a-be83ebd06988|ME|hx8ivtest@test.com|DE
67505bef-e15a-4db6-8999-9fc4e587735e|SMS|+375881052400|BY
4f16976d-a9aa-43de-bd28-e3ad42434614|PLC|+375630640679|FI
7a71eaf2-6c14-4efd-8097-6991fb42f4a0|ME|meYwOtest@test.com|BY
4cbcef88-a03b-4bd9-bccf-ac1b4de51c10|SMS|+375752855899|CA
25060c6f-1f8e-486c-ae01-7d40f3ba6998|PHC|+375334298252|RU
dc3a4116-86b9-4d90-9ec1-1d7ddebe69df|SMS|+375410431934|BY
782ce38b-9921-48ff-a613-d3778168fa7b|ME|0LpECtest@test.com|BY
87ba4849-2983-4e7a-973b-c73e663be7a5|PLC|+375901601318|UA
4cb7ab6d-ec78-4dc0-aded-b72a421b7ac5|SMS|+375665395235|UK
34ddbf18-98b9-4241-b943-c64a7eda3867|SMS|+375814392870|BY
cd7fd6f3-91f1-43be-8133-be666347af3b|AE|QfOQItest@test.com|FI
55369879-8709-4e8c-a406-7eeb08bf0a61|PHC|+375903866131|DE
ba61d60e-fe28-42e1-a1ba-c0c27145db25|ME|q5h0Ntest@test.com|BY
86e35b15-60a7-4a6f-a34d-fd6f226927ee|AE|u06dKtest@test.com|UK
0f0b2870-2d67-49b5-b34b-f1d8cf32a0ae|ME|Uf1JDtest@test.com|UA
5ac2f2db-7db2-41b3-b95f-c7dbd4dd4f76|ME|9nR6btest@test.com|FI
106d68a4-4b71-47f4-846c-13518526cfd1|PHC|+375289489472|BY
b445489e-6a50-41c9-b463-8953a3e56abe|PLC|+375757609992|UA
9c174e8b-17da-494f-a0a3-f8aeb6d36323|AE|DY6YWtest@test.com|BY
7c600286-ba03-445e-abc4-a616fbfccf40|ME|Hi04btest@test.com|UA
cb301445-c0e1-48e1-891f-dbb417de77c6|PLC|+375718583862|BY
cda647a1-74d8-45d5-8244-935dbce2e936|SMS|+375757903499|BY
074cd1f7-3558-435b-8ed4-26bd4e3da7a0|AE|N0ypZtest@test.com|BY
1b1dae6e-5a00-49b5-8701-f60ba7f5e87e|ME|ymX7atest@test.com|FI
7fff594c-bd14-4c6f-8a16-2a3430ceee35|PLC|+375662900527|BY
68fbf0bc-c74a-4571-b8fb-1c92350a41b8|ME|c89sOtest@test.com|CA
5b46a96b-5b5b-4926-9d8c-8ba3e3105b19|SMS|+375437755296|RU
396537bd-bcfb-45c0-bc24-22b8e8826ef1|PHC|+375695813673|DE
c007f1a9-03de-40ee-8a52-eef4d3fbffdf|PHC|+375611601786|BY
38152452-c8f4-4c66-b453-4fe8738c89b1|PHC|+375444000309|UK
e13885cc-acfa-4df2-bddf-3c9ef41fe196|ME|FJTIEtest@test.com|RU
b32f2aa0-6728-45f4-b67f-551903c7f608|PLC|+375379783327|DK
28ee76fb-0f63-43aa-9289-5eb500a2077d|ME|4hwlqtest@test.com|UA
2f4ffa4e-30c1-42ee-bec8-522d5d304679|PLC|+375261159122|UA
903fad04-1d62-4798-a09b-c675a14a3eeb|PLC|+375665844554|RU
5afd2eec-8d63-4b62-b974-bc669abb0af3|PHC|+375911164445|CA
a109baf5-3c47-4b55-b41c-d7c30b02e2b7|SMS|+375759110476|DK
ca56962a-40d4-4ba3-a6bc-3847fd4f5914|ME|64jyXtest@test.com|FI
e1f0188f-f8c6-43bf-b562-fd80b33e4971|PHC|+375919200669|FI
47074688-1a7f-4a3a-8c1b-f4feeabd8eb8|AE|pVf9ztest@test.com|BY
c347925c-de95-4b59-ba5c-a199bc0e090a|PLC|+375622304004|RU
b192fbf9-91da-447b-a0b1-6ba0fa12ff94|PHC|+375778971440|UA
a8da9250-eda2-44db-914f-64b13379f39d|ME|YO9qJtest@test.com|UA
1628a7d6-f64a-4dda-b0a8-b95797146c56|AE|X1saxtest@test.com|BY
43680518-3f1b-4988-ac2d-99ee22370754|ME|fryxutest@test.com|DK
faadddbf-466e-44b0-a962-6f09fdb5e38f|SMS|+375767870787|FI
445986e5-b60a-4ffa-93a5-f130ea5a3f43|SMS|+375912074767|BY
517350ff-50ec-4d3a-a790-c40677b56a05|PLC|+375453818290|BY
ff71aa7c-5843-4d1a-a3d9-f7f46e5707ee|ME|rrR93test@test.com|UK
b30466e6-7af0-4674-9ed1-9aa79cb6bebf|ME|e40GStest@test.com|DE
59e80f2f-c48e-4582-a669-6c85d71e23d7|PHC|+375799609106|BY
f38eb5c4-a29d-4837-bdbc-b3aabaeab7d6|PHC|+375441483874|BY
9e58832c-1d2a-4ddb-8937-c0981bb81fd2|PLC|+375449896080|RU
14754026-19fe-4f27-882e-c4101a5bff04|PLC|+375737337332|BY
378717bd-78aa-40a5-b90b-27944cee269e|AE|ayEYZtest@test.com|BY
14ad6dbd-c1f6-40e9-bfab-d2181c607bd1|SMS|+375884168950|CA
6b73d585-afd9-4f5b-97c4-b0ac12c493be|AE|56Ethtest@test.com|BY
fbcc53dd-7e8c-43ae-a785-d0963af5b479|PHC|+375629024123|BY
05a491bd-158b-4ee2-847e-e4af6a9c4b1c|AE|ILAwntest@test.com|FI
74a8cce6-ddcf-495a-a39a-82bece6537fd|PHC|+375693137594|UA
e997a6cd-1d68-454c-ac91-cf2d7f2e49bc|PLC|+375560867652|FI
f7b9c9f9-1eda-4754-8554-fc1518c4bd5a|AE|GfeWPtest@test.com|BY
89a80bb4-be6d-4ff8-9986-9a973a41d047|AE|zYLpItest@test.com|DE
6d98cf35-e9db-4fd9-83cf-bd9fe7a4d504|PLC|+375925647566|FI
77aad354-f5e5-4201-8fa6-e4671f4d1376|PHC|+375666864813|FI
817b8b9b-192c-4217-ad88-1c3c22b80d18|PLC|+375922729483|UA
3853ae35-3f38-408e-991c-cf725332c93d|SMS|+375636507882|DE
590b0486-f708-466d-97a0-6adb91e986e9|PHC|+375544744507|BY
f65380b2-5cd7-4d96-b583-9877589da6eb|PHC|+375921301327|BY
e78ec4ef-0f3d-412f-b819-9b6bdad92712|ME|KgR8rtest@test.com|UA
201ff50c-e963-4488-ac8b-2f1fc9d4cfe5|PHC|+375401531909|BY
df648a4d-5ec8-4bcf-933f-23a900d341a9|AE|NCDeTtest@test.com|FI
33f2a816-cf45-4489-9c27-0d1e2dcf8d8f|PLC|+375824386368|UK
09f229f8-8d68-4e56-8386-9307074f279c|PHC|+375364049242|BY
36ca087f-cb16-427a-879a-5f992f56b3d1|PLC|+375660278998|BY
1faadca7-b12d-488a-921b-27626711a3c7|SMS|+375275097960|DE
cd3be9c8-b7fe-4f53-9795-657ab96a5d57|SMS|+375756488295|FI
ac67f4b2-6089-4d6b-86ed-a331e2a06fb3|AE|8D3B5test@test.com|CA
019adca9-ff4b-4f7b-b038-d02c504df881|AE|E6XO2test@test.com|UA
bef1aeb2-5df1-447b-8bbc-698205d44f07|ME|A9wYetest@test.com|BY
ce5dabb7-951c-47b4-8626-f51fc984e284|PHC|+375952995489|BY
bb7375b1-fac8-42ec-9c4b-7defe5ff73ef|ME|3Dp32test@test.com|CA
04be2c17-4317-4fe6-b46f-8a6a10b1e7c3|SMS|+375288455609|UA
aad1d7f2-db48-4611-a2cb-cdf01c6dbb63|AE|th0Z0test@test.com|CA
98d6a11e-e64e-4ad3-ab72-9e4dcee499c4|SMS|+375333317447|BY
87cd0e2c-4acf-4a34-9e10-d520188fb920|SMS|+375822698456|DK
0f347c9c-4640-4c17-a6e0-235cfa13e628|PHC|+375647132166|UA
858c1c1b-8953-4fe1-96ff-ee85d082fee0|AE|8D5oBtest@test.com|DE
ea6a6933-2a8b-4b09-8765-577152d79bc8|SMS|+375377205401|UK
ff8f9e5f-014b-4b08-9347-c1037b6ae099|SMS|+375423929537|BY
ea537066-09ff-409a-9baa-5a4d63885fb0|PHC|+375541440296|BY
b818949e-d04f-4cce-8cf7-28d473d180d5|AE|wts7Btest@test.com|CA
4c231f93-de28-4146-8ee8-388f85b7ed30|PHC|+375723267551|BY
4d2402f9-2585-4fa7-a598-ae8db645d0e3|ME|4ZDVEtest@test.com|RU
74f19fb9-e977-4f36-912d-08494dd949ac|AE|1Z0Bwtest@test.com|BY
7559ac2a-1282-4877-b9c1-092c7049e4b6|SMS|+375454488092|BY
028b1d45-6ddc-4986-b503-da193a2f916d|AE|XhpG6test@test.com|UK
3ca69f78-ee88-4b46-b56b-42cdc83e9625|PLC|+375423317947|BY
caac49ab-0815-4403-8a96-f88d13315f4c|PLC|+375403306960|UA
4ad04312-a4a3-4b66-962a-0cf524e765ff|AE|CPAwutest@test.com|RU
6c42ea5a-a13c-45c1-8c00-13c4a36de517|AE|rpZPLtest@test.com|BY
1ab2b1b5-059b-4428-8369-3e2be8b016aa|PLC|+375965613182|UA
b75b18c6-ad73-4eed-90d9-8840d364ab8f|PLC|+375720267355|CA
c87fc414-2207-4dc2-b619-fd0696cbc70f|SMS|+375582336505|BY
956d8b67-9a27-4f4a-af75-540f1928c88d|PHC|+375601560895|CA
0e993baf-1135-4e0b-ba93-ae047b768058|PLC|+375545571284|FI
c3d71ba1-fcc0-4a1d-8637-c865a4ad8a5f|AE|jOilWtest@test.com|CA
b8f013ad-fb9e-49c5-a44e-417d5d9338df|PHC|+375426982867|DE
4a671b5e-8f7a-4eb8-9083-c8dde5e78341|ME|HY5S9test@test.com|CA
216bf4c0-fbe0-4a3d-8f1f-403100953184|SMS|+375439398982|BY
3905069d-b48f-4a15-9cc8-116e1729991f|AE|FBde0test@test.com|BY
dd0ac304-f4f2-4336-a641-505381982867|AE|nn1Wgtest@test.com|CA
7c458368-b557-43fd-b974-24277f8b3e05|PLC|+375367615569|UA
3d0cdf85-9102-4037-aa38-2bee8e0d3448|ME|FFiI1test@test.com|UA
b6b73352-c81c-411e-9a46-6b570fa6aef0|ME|SzvPAtest@test.com|BY
aaf1d0f2-088f-4dda-b128-8a630f9fd696|ME|ZR6Yqtest@test.com|BY
5effbe5a-9bc3-4a0c-a796-2fd00dbeba0e|AE|fPCWltest@test.com|DE
55dee00a-17c3-4ea8-8fed-4891aebe2593|PLC|+375915913533|BY
184e149f-5da5-48e9-94ba-be2653e1597d|PLC|+375586567194|UK
0e3dc7ee-537b-46e8-a0ee-ed0d1caf5781|SMS|+375599595656|CA
7c12a4fd-98f0-4046-98f6-b61b9640b86a|ME|aiWa7test@test.com|DE
18d80378-5987-434d-a262-2bb46f337315|ME|yw6UHtest@test.com|UK
fe0c35af-8deb-4001-a850-0ad3750fdd85|PHC|+375484456183|UA
b9ab5c40-32eb-4dac-b8c5-2505fa8b8fe5|ME|luLUutest@test.com|CA
7ca8ab56-a27b-4ee8-98f1-609a4e26e3a1|ME|PDB3Xtest@test.com|DE
872c5946-607c-4a4b-bebc-958694024551|SMS|+375851666135|UA
d1fb3735-a4f7-4158-b132-2b16996c9bfb|ME|cHbxjtest@test.com|BY
d1e68eaa-f923-416a-a4b7-f734ccc992a8|PLC|+375828004609|FI
7743cf75-debd-45d4-9003-2a04894701b9|PLC|+375297616917|BY
0b791a89-211b-4381-b76f-3433e3594988|PHC|+375498282392|FI
168876d4-f8dc-40a2-9283-bfb6debcc68c|PLC|+375957805157|UK
a049ec78-6544-46f7-99d2-dc120805fff4|PLC|+375615941765|FI
08e84358-5cf7-413d-9e76-1bfea77f2dc7|SMS|+375939796207|UA
b42c4528-e6b5-4a83-892b-186d28e04d31|PHC|+375582827270|UK
90a24c66-5667-43ad-835f-f022e22e8ff4|ME|vyp0dtest@test.com|UK
fb145296-32f8-46e8-8a0c-1e810d523858|PHC|+375721824212|BY
6fda71ed-986a-4463-a399-60185103e250|AE|nJha8test@test.com|UA
cc655ee7-97e7-4e9f-9615-3c023692a3fc|ME|n9Teztest@test.com|BY
7667ebea-55e1-48f7-88f4-1885c93daad1|ME|P2P4Wtest@test.com|BY
6ce6cecd-00e2-4f9f-b4cb-a345db79d266|AE|45mwStest@test.com|DE
beb58504-f82e-4061-9b28-1c69262c7a35|AE|YscZWtest@test.com|BY
47bff167-9070-42fa-a980-be4b7169a561|SMS|+375989934161|RU
02927f19-32df-4827-b137-e253f9acd7bb|SMS|+375856698425|UA
442045b0-32b8-4792-a6b2-2bf68f2fcece|ME|NS8CYtest@test.com|BY
f8f12637-044d-46b0-ad20-7fe721105857|PLC|+375712213791|RU
6974e6ca-fde9-43a8-85c1-01317147c9d3|PHC|+375425353707|UK
d07f61ac-502d-4c5f-8edf-bb7c41d89acd|PLC|+375763283219|DE
95596fa5-7818-4a04-ac8c-d119ef35e049|SMS|+375290279786|UA
67de694d-5ad5-4a0f-9780-55d064b6e93a|AE|ohSautest@test.com|BY
ade153a3-73b0-4b7d-b83e-e56095ec2d5d|PHC|+375882423078|DE
b4bb21a4-c8f6-4eb5-81c0-8fb20d9fa5ef|ME|n4e3wtest@test.com|BY
8a5439e0-2ae4-404f-a910-f3fc186a3615|ME|5ek7jtest@test.com|UA
a1d05599-e61e-44c1-9af5-47464727e95a|AE|6uQJdtest@test.com|FI
38b29fac-56d5-42cc-8af1-7a27297d6c46|PLC|+375912817712|RU
88679e9d-4355-42f9-8f6c-10a6c031d052|PLC|+375600845963|BY
c1d112bf-c18c-42b6-8d16-b16749bfe06a|PLC|+375961047761|UA
b59af4fc-074f-465e-b7ff-82344d156846|AE|NCzpptest@test.com|DE
32b87074-e250-406c-973d-87d4f4882717|SMS|+375795872841|BY
0d102c43-e331-4a37-bdd5-49b3a05f05a5|ME|3IHZUtest@test.com|RU
c1c25de3-bb77-48ee-9d19-99043a747dc6|AE|WFevBtest@test.com|UA
c7431b74-c3f8-4dca-8454-b2ec6ac4d2ea|PLC|+375531614987|BY
467c6906-6c8d-4999-a916-876a200e07ad|SMS|+375613597097|FI
001a7678-43c9-4dda-92e7-9847884d7458|AE|DAznStest@test.com|CA
dc0cfa88-488c-4431-8ea1-06ccc0c6c4e3|PLC|+375696166343|CA
796511c9-570d-4dd4-b817-e85ac5163ee9|SMS|+375531980585|BY
5fc3f0f4-485c-4a7c-933d-d044fbd2505f|ME|KUunatest@test.com|CA
c331e890-4b86-44e2-bceb-b55e4ddcc796|AE|p6ewGtest@test.com|UK
6f6dbf68-e067-4bfb-9ffd-6a37b358e854|SMS|+375820250863|BY
b9c014b9-91ee-432c-bea9-e7d49fbfa252|PHC|+375625587858|BY
1cbfaad5-bbf6-4d86-97bf-c47a3f027cc9|PLC|+375586679776|BY
1626d868-3ba1-4178-82a3-67f1965c064a|AE|RexHKtest@test.com|BY
db6099d7-3773-4dac-a4a4-6145bd25343d|PLC|+375785239316|FI
a2823c78-f931-4a15-becb-3cf86dccf5d5|PLC|+375261332035|UK
42c2f27a-eaf9-484a-a884-e68baf9d7878|PLC|+375845369555|UA
f7fa7a2f-6c5b-47a6-a166-c0ba20097139|SMS|+375632465310|UK
f2898591-a417-4704-8d06-89cb8cb807fe|AE|3Yl8Itest@test.com|DK
0f7c2e9d-ced7-4ca8-886d-cb052418ce49|PLC|+375459705726|UA
4276a32f-e9c8-43e4-a0c5-5da1faaf2f01|PLC|+375404650790|UK
3a26aaa8-dd96-4845-b5b7-398d3dfa482e|PHC|+375602784563|FI
57209c2b-d5d4-4b56-b199-d854a70cdb41|PHC|+375365089296|UA
13010006-d140-4116-b5ed-ed3f2233c65f|ME|A0cD1test@test.com|BY
b3ae4bd1-84e3-4926-b86f-4e6284ed6b7b|SMS|+375261693088|FI
091c1087-5adf-49c1-9bc6-8172ead5ecef|AE|TnUZvtest@test.com|UK
12322a77-2bb2-4fb3-97c4-3fc2094b8a7d|PHC|+375656397994|RU
e445629f-795d-4fbb-bdf9-0401b042e466|AE|UWqlptest@test.com|UA
1357cba2-01c7-4850-a531-884dab337c25|PLC|+375884258688|BY
90fa8d71-356c-4b25-b81b-d3453318c581|SMS|+375753856577|FI
9bfce898-dd63-467f-a9bd-a573d9cbe8a3|AE|KWvedtest@test.com|FI
66bbc94c-f524-407d-9f43-a48d5fb70246|PLC|+375420741321|BY
65fd80d0-e6bb-4475-86e9-cf10d2cc6f19|SMS|+375307857553|UA
200aea03-4f46-4d62-bbd8-aa887e52170d|SMS|+375294948331|DK
1a3f179a-4ba2-4efd-98fe-8d95f8658826|PLC|+375482016657|UK
85573d3a-58be-4863-9d24-5dfd30e8467e|SMS|+375625431065|BY
a1660702-0362-4c62-93c0-35988378f9bd|AE|e0u2ptest@test.com|DE
0970293c-a382-40f4-900d-9db2def670a7|ME|wuItZtest@test.com|UA
e22fd9d8-4db3-49db-95cd-9caa1d15fc27|ME|5aLNVtest@test.com|DE
b3b32319-d7e4-4113-8a7f-5920e3b2ca2d|SMS|+375452540240|BY
dcefaec6-43f3-455a-8ea2-e3cc05e2aac1|PHC|+375354702762|DE
84826015-79a0-495e-a5d6-b45f1245fb4e|AE|U0Gu8test@test.com|CA
21d5c1f1-28ad-4080-a90c-443d5a4a9c4f|SMS|+375452958227|UK
96f2d321-b4f2-4b4e-9dbe-f8fc2ac704dd|AE|L7Npjtest@test.com|UK
fc616001-7090-48eb-b739-71f2992a6d85|ME|TlZODtest@test.com|BY
8d6bd223-1017-4d15-9563-970551fd94e4|PLC|+375993382185|DK
f399110c-4cd5-47bb-806a-30ea8eb87cc3|PHC|+375494969196|DE
423e1272-105a-47ee-95db-3a48653fb924|ME|NkjOQtest@test.com|FI
1f7db53f-eca0-4c32-bb90-04a5ed78a4d2|AE|jivNjtest@test.com|BY
382c9154-0887-49b4-ae5a-01e1f70819e4|SMS|+375480239151|BY
a93616be-d3c5-44aa-b197-4c7c7091380a|PLC|+375909069383|DE
ad305fc3-f5f3-4013-bd2f-80373431e762|AE|VVtJ9test@test.com|BY
55738e9d-fe25-4255-9010-289bf98039b4|PLC|+375779446559|RU
15138991-1885-4a62-b420-787b5e6238c0|SMS|+375353971959|DE
ab3667ad-d080-4810-9e39-cc1af04affc6|PLC|+375497305721|CA
a38c57cf-37f3-4384-bea5-9e267921c75e|PHC|+375970167379|RU
802b5b0c-1012-4e70-8387-707081547e9e|PHC|+375516879561|RU
af6c400d-187b-4f97-9716-3db7e1beacda|SMS|+375400586694|UA
0175a4a8-fd8a-4fdc-9a61-f63b812a2052|PLC|+375358103109|FI
5af536b1-d692-49d4-8be7-7e4b7e922a40|AE|seq94test@test.com|BY
b37b1d68-816e-410d-8216-aeb6c086474b|PLC|+375595432755|CA
7158b49b-e697-4550-afb1-d390986fbdf3|SMS|+375812330458|UK
80207f2e-542e-47d5-a9ce-2f63f819d734|AE|vf2Ottest@test.com|BY
5db373a1-6fb5-4b1a-b2d4-bc1635049a64|PHC|+375549513951|FI
7d941f8a-c045-4777-a7e8-9e398bb47cc4|PLC|+375561701662|BY
c8d40b2a-ef13-4dba-bbd2-761b0876b71f|ME|OkLUutest@test.com|BY
5d967e93-e647-431b-8854-b7a7be66cc28|SMS|+375629641231|DE
26106570-f905-44c1-bec3-404e4e3c6fc6|ME|ziDp5test@test.com|UA
a18cbda0-db72-408b-b2c1-d79a44458142|PHC|+375984484578|FI
85bdb1bd-9d28-438e-b3a3-e3557ac5748a|ME|6WuOItest@test.com|BY
8f242d34-c305-4b13-bfc1-730ae8ddc7ff|SMS|+375663647228|BY
62ecadde-8121-4c3b-8dd6-65ceeda88172|AE|rowECtest@test.com|DE
6dacfe3b-9f39-4fe6-ab9c-33d7dc40af11|PLC|+375761028384|FI
f746951c-4d12-4c5e-b3f4-0aa0f79f9ceb|PHC|+375338679322|UK
5b09b911-7510-4ebe-b9b5-29b665d07197|PHC|+375702498878|UK
0b865d11-752d-4da5-80f1-4ad920ea2513|PLC|+375709388971|BY
fc23a06e-ca68-4348-8d14-a3168a4ff977|PLC|+375872295618|RU
60c2a8dd-4c50-40e2-b43b-27e94b131cab|AE|A2qi5test@test.com|BY
3ac81828-6b6e-44c6-ab41-1aabcce94c6e|ME|Ad9kFtest@test.com|UK
07bbe5ed-c377-4a25-a462-3118bb3784a5|PLC|+375912356617|BY
28d1a124-aab3-4493-9cdf-f2c91576950f|PLC|+375566086348|DE
6f0052da-91f0-41bd-9c01-a14d3988a263|AE|iKn6Rtest@test.com|BY
89873018-f499-4267-a43d-4ad5150ca3dc|AE|PbXtLtest@test.com|DK
be788458-eb90-4b19-b33f-a8cddc51af31|PLC|+375580615642|UA
32f30c11-0b28-4f34-b538-cf1243a60b49|AE|2vv0Xtest@test.com|UA
77e036c7-af57-4fd8-8550-e76db9d5ea1b|ME|IZlLhtest@test.com|BY
2f68c8f3-7f7e-49eb-82b2-ec9690391d5b|SMS|+375538092142|FI
8415b8d6-425e-4432-a735-b48698b05f51|ME|u9DNZtest@test.com|DK
089c1c94-ba1a-40e7-aa25-4b5c6ce14f91|ME|pvyDutest@test.com|RU
5f3cd691-c8d2-4280-b995-d7711a6b7e6c|AE|l8XSbtest@test.com|BY
55c952ba-961a-481a-9ecd-13415099db48|PHC|+375430304778|UA
0c53881a-e95e-49e5-81c0-552a3dd15900|ME|lvNJKtest@test.com|BY
e36913fb-9820-4e57-9c23-d22f3061e30d|PLC|+375338166673|UK
5977c2b7-9683-46c3-af01-c0fd1fe658e0|SMS|+375427438255|CA
83f5cfe0-4247-4811-b7d8-8ccfc4b6ca3f|PHC|+375374096783|UK
729b7ecb-1dbd-4a08-a59a-e36c17669ebb|ME|JNHRWtest@test.com|CA
341b7670-eb79-42eb-b459-b92a1f9d35a9|SMS|+375490030785|DK
1e014b77-8b7f-4d61-accc-8c630556edf5|ME|NZzhxtest@test.com|UA
19b21d03-cd67-4dc4-bc58-391229217bf1|PHC|+375825128435|BY
3c765005-625f-4c32-a02d-46f523c10dd0|PHC|+375390918968|CA
cc138cef-49ae-486e-b4da-98ff8c265ad6|AE|S0qpQtest@test.com|DK
1284cbb5-657d-4cf7-afba-fee3d3c73702|PLC|+375990264415|UA
fc20964a-bf72-420e-9464-da6f16e4d010|SMS|+375443989221|UK
66eb33e2-839f-4c7e-bd97-729538bda280|ME|cq9Xvtest@test.com|UA
a3299a3d-be83-45f2-adf0-b95a7bd1c0a0|SMS|+375388429972|BY
99c75574-c6ac-433c-939a-42b47cde5d43|AE|zFIRVtest@test.com|FI
f0676c9f-1b21-4687-a417-ed7913c1441b|AE|BNIzdtest@test.com|DK
67551ac7-a349-4a2c-9af0-33f49cb1ab18|PLC|+375787531008|DK
4f3c46e6-cf62-4787-ba61-22d7cb65143e|PHC|+375876452696|BY
ce9f784c-71bf-4e8d-b4a4-1a1c2719d68e|AE|IGrWgtest@test.com|DK
84add9b3-9880-4fae-9e98-42a3a17c07a7|PHC|+375260297578|BY
9d5d29bd-07cd-423e-966d-36400c4dcd94|PHC|+375397784838|BY
b1511ea3-d0c6-457b-98e7-9a4cbdc06dab|PLC|+375894648304|UA
daa9fc66-fb2a-49af-838d-8d18053927f0|AE|2rHYQtest@test.com|FI
e89b3310-0535-4da7-9738-7cd5191342a6|AE|uzqlRtest@test.com|BY
0e382faa-fd19-449c-b910-86cf2624c8f1|PLC|+375984542192|CA
38286efa-8bcc-4711-b94f-084c0fa96f33|ME|QFwFstest@test.com|BY
f39f9763-e62d-4e9a-8567-3602ad8a1286|ME|7qJxktest@test.com|BY
78fe543a-68e6-4226-866d-84134ed2587f|SMS|+375543194171|BY
d69767c7-26c8-4ca8-b51f-2e8b70b88feb|SMS|+375733257281|RU
94c01b62-fbfe-4637-9e44-45103d30680c|SMS|+375582295612|BY
8e847c5b-c0d1-4525-ac63-3e80d0b61ead|PHC|+375823926245|RU
2f51c937-25c1-4924-b78a-f5a3364f2d00|SMS|+375578430657|BY
a595a06a-f904-4663-b1c6-fcbeb6fd6df8|AE|RBaQKtest@test.com|BY
80fd8681-e542-45ff-8cbe-79588aac0898|PHC|+375272546178|BY
98ff533c-eea3-4ce7-b50a-b5ca185f8184|AE|761IEtest@test.com|UA
fdab5f7a-138c-489b-8f2b-eb9fa84f26e0|ME|0kPC1test@test.com|UK
4898a1d8-9470-4264-bde7-358229eceafe|AE|OfzhZtest@test.com|BY
d429e0b6-8205-44f1-af5d-4e02008802b3|ME|KwYPUtest@test.com|BY
a6e4c4b9-62da-44e6-a28d-068d839ed470|PHC|+375342699770|BY
32e44199-ee4e-4c72-bc66-83ca7fed2cc7|AE|xX5Yftest@test.com|BY
2ab2cd2f-feae-4624-8e1a-3e9a6f6bb8b6|PHC|+375867953235|RU
a477efb7-ac36-402c-b32d-602a5527c00f|AE|PnhY7test@test.com|UA
70ae69d2-d229-4227-ac70-c5f56da699a9|PHC|+375700962482|CA
ce17a55c-d74f-46bf-ad8a-107ac9f102cd|PHC|+375458462988|BY
9dff9f74-7358-41a6-9017-6eb69d3a2250|ME|nRFpetest@test.com|UK
8fa02401-62d8-466b-a7f7-6b86bb96311a|SMS|+375260568286|RU
ba287c2d-bbaf-4c9e-93ca-8bb3d9a88067|PHC|+375682542793|BY
212c4cdc-9bb7-4e9a-a030-367834a712b8|SMS|+375938240898|BY
6b93bb62-072a-469c-8c1d-e8f01acf49f8|ME|aerljtest@test.com|UA
4bc0366b-e311-4323-aa64-e6b2ed024a44|PHC|+375280102273|UK
eff9567b-5622-4274-b0d5-80ed74522a1f|PHC|+375721655471|RU
dc65121c-9acf-4903-8bca-677c7ee857fb|ME|Yc2POtest@test.com|DK
06f42d3f-37c8-4ea2-a557-6274a19a4fc0|PHC|+375504773990|DK
cd75fa30-6f8e-4939-8b4a-5c0514cc5b19|AE|ptjKItest@test.com|UK
5285a467-d4ac-4557-89de-9f0f37342a29|SMS|+375556047712|RU
ec0cd799-dc94-43ae-a6dd-82e0d986ea64|AE|3JRrDtest@test.com|DK
8c272ca4-b86b-424b-80d3-cd8af044ea29|AE|PWziYtest@test.com|DK
ab2dcea4-8c25-487a-9656-c93ff8d0ea25|PHC|+375422463733|UK
3ffe9ae4-c8c5-4162-b7c4-6b943894abd4|AE|uiw0Jtest@test.com|UA
ec53167a-51aa-4469-b3db-e3701f6581a5|AE|0En6ctest@test.com|UK
5f966f6e-6029-430f-b5ea-af04dfc7350a|PLC|+375846857951|BY
5d9d18aa-fc53-4707-9a57-5c1d79f13bd3|PHC|+375423154585|RU
4874c224-b908-4d08-8cf5-c4c2e67d7252|ME|tYo7Vtest@test.com|BY
6b0ac8aa-3ea0-486a-b91b-cd5294aadaf7|PLC|+375699068314|RU
c53271f0-3071-446d-9f41-7dcbcb661bbf|SMS|+375786106096|UK
ad3c2130-d373-418b-9b8d-9dcdaa3c1e69|SMS|+375608730321|DE
cbb0e359-d905-483b-8899-4467061033ed|AE|OLe3mtest@test.com|BY
35bf7589-d1df-4f73-874b-84e711ab7850|SMS|+375674329725|BY
efeeab5f-3134-43b7-bab6-464e20a6fada|PLC|+375999917655|DE
6c6c21a4-c442-4074-9cbb-f8e6635578c3|SMS|+375826327911|BY
b8c9d75b-fbc2-44c1-8a40-b12369c62184|SMS|+375809703202|FI
9f02b970-81ad-40cf-aec1-5296bdbcf853|PLC|+375948493771|RU
6dc95cdf-151d-4e20-ba47-2c151a0dd4c2|PHC|+375349476651|BY
bf888288-bdf7-4dc6-9c7e-7232b6ffe13a|AE|GhQuUtest@test.com|RU
d28f034d-5d50-410c-b125-807658e26f4a|ME|4dr95test@test.com|BY
29ae8cee-2508-4396-b2b1-c518c217c478|AE|YNYFctest@test.com|RU
bd96f846-d455-4a18-88b4-311a810b1609|PHC|+375997130239|BY
d7a300a6-172c-4dea-984a-558976473a55|SMS|+375973373790|RU
2e97a3fe-a6ee-48f8-863a-e12584eae01c|SMS|+375452211241|BY
00033b38-c76b-4afa-bfab-d27c4638e566|SMS|+375638324758|DE
2ea8942d-a0c9-4c2f-82ba-a372d9de642d|SMS|+375818395494|BY
08669624-50db-4f3d-987c-2c2ca11ffc7a|PHC|+375567491518|UA
0990d751-0cbe-483f-9389-d5ed035350ce|PHC|+375838995249|UA
6958619a-8f49-40e2-86ec-773a4b9f316b|AE|ZhYSLtest@test.com|BY
93a1270b-37d6-40b7-99eb-636b9b9b5d0a|PHC|+375366713540|UA
1c96fbce-7de5-440c-bde5-f37564166748|ME|Tvx7ptest@test.com|RU
ff6bd676-8c84-45a6-8118-ae2d9d062e9f|AE|gPDKItest@test.com|BY
760e07ed-e060-43e5-acca-a51ed5678169|ME|7q4Q3test@test.com|BY
d354ec2b-32ce-4e21-bd38-0292e8e31f2a|AE|YeJW6test@test.com|BY
1843e627-397e-4b45-97a2-087a1bd3c766|AE|NrUKktest@test.com|UA
afd636d6-dee7-466b-b3da-ab08a4574213|ME|zqApTtest@test.com|FI
65708030-1e47-457d-aa30-7b3a4a51454d|PLC|+375766272568|UA
0abc2a13-2109-40e6-9f4e-e94eb919642e|SMS|+375930699309|RU
fa8e9bc5-1873-4936-9245-98f81420ad2a|PHC|+375330729067|DK
3f83a9a2-83c0-4c73-a280-0bba3612c5b1|PHC|+375770177653|BY
6fd8fff2-1660-4c6f-ac02-2f57996c579c|AE|vQmdhtest@test.com|UK
ebef792c-fe8c-4f59-b3ae-971d9d78e384|ME|w91yetest@test.com|BY
42cdc39d-8b86-4cfc-9ff8-4b0fa9b0e3c9|PHC|+375986813337|UK
977e808a-30ea-449c-a448-b031e28cb4d2|PLC|+375794614246|BY
48cd01a3-2569-4a31-a80f-5e981ced88a9|ME|CXDYRtest@test.com|DE
9c9b982a-e998-4744-b8dd-e2b09e44407e|PLC|+375398277565|BY
708de384-5575-4180-8730-5e22e6dab53b|SMS|+375683783823|UA
da0e483e-c800-4939-b892-2ab4ee395680|ME|hhrBrtest@test.com|BY
10ac4d5d-07a9-4541-b86d-8598e7e81bc4|ME|0eGlUtest@test.com|CA
e3a2f7c5-0a59-4d30-b78a-72315706f84b|PLC|+375740697011|DK
51973219-1eff-44e1-90ee-33994cdb7aad|ME|TbWaGtest@test.com|BY
ac11fea7-a0d5-4ddc-9d33-f0ec33c008e7|PHC|+375251331286|UA
9f21d46b-d6b1-4b6f-9088-3fa9b2c8ebbf|PLC|+375857983742|BY
5c643dac-9c5e-4d15-9b99-82220d02c17b|AE|4OICQtest@test.com|DE
b5c7e345-3de1-4266-af47-99d60a646aaa|SMS|+375709026742|BY
ea049537-1cd3-4c3c-8208-2208c07bd24d|AE|Vgnkgtest@test.com|UK
ed58efba-ec94-40af-8c70-92865585c50f|PLC|+375363750488|DK
614159f3-02ef-43e0-afb8-c661513e20da|ME|7JWfDtest@test.com|BY
9a700b7b-3223-49fb-9343-dfeab6dd0820|PLC|+375814735802|RU
49d90b14-ae8d-46a5-b4ca-4a30121e6c57|PLC|+375338810362|CA
2b64cdbd-9040-4ec1-bc06-5d7f1a81f6b4|SMS|+375807617349|BY
0c3e1474-0710-4665-9d0a-46d63507e01f|PLC|+375910709801|BY
30ea6849-b5a4-4654-bfb6-4b60dafb7a94|PLC|+375785623285|UA
326eb4a7-44b8-4e12-a2c0-49094c3e01a6|PHC|+375300560069|FI
1b35d2cd-476f-41da-bf8f-7f014e8fe907|PLC|+375317918636|CA
22d84e45-b9e0-4508-947f-c42f3667bc4d|AE|rzs46test@test.com|UK
333b0912-15aa-4051-bc08-9425610fc606|SMS|+375322518143|DE
d4f814b6-0006-4a26-a6eb-cf9fc55deaa6|AE|lDjOitest@test.com|BY
9fd30813-3dfc-47e4-a175-6866e8c91773|PHC|+375389607582|UA
1bef7c82-ae35-475b-8262-337650ceef6d|ME|Tk8botest@test.com|BY
0c41570b-854e-4cb0-a97b-6fb39d75de28|PLC|+375902219290|UA
dfb8b871-8f77-46a6-97e3-c28d7f982945|ME|TQNIdtest@test.com|UA
b72c10c6-3348-4c53-ac04-e3c4477c22a7|PHC|+375409088241|DE
faae5234-a70b-47f1-8eb4-a455789aaca0|SMS|+375348113684|BY
30291aa2-1156-4224-82c7-f45d788f9587|PLC|+375710802967|FI
3f3f55b5-466d-4164-ae32-43c8775cdaf2|PHC|+375424517697|BY
02d2507e-2ffd-4cad-b937-9b77ef554a10|ME|juLxWtest@test.com|UA
2b368325-0e3a-4feb-b043-a56f02a41e88|PHC|+375787528849|CA
5bd72ad3-f6c1-4759-9c7a-df9d029ce2fc|PHC|+375525560313|UA
eeeb2f1a-9640-4e7c-bd19-c3e5f98d0350|PHC|+375960826285|UA
e7237113-7811-4f96-bd52-875630453242|ME|o3TQBtest@test.com|UK
119dbaf3-9dd4-4621-9f10-7cb92b330af4|SMS|+375857246059|DE
ffa9189a-c6fd-4a26-a957-91b26a120d64|PLC|+375866916286|UA
803a425c-baee-4257-b00c-d7c0ebb1d9f7|PHC|+375323156763|UK
aab86885-1edf-4a02-b48e-a6d7eeb7db2a|PHC|+375256651140|DK
51eec538-52b7-4332-9cde-7f2f24f7e39b|PHC|+375895797952|UK
045be7b1-ec1a-4870-a72f-1a24ff3136d9|SMS|+375516330613|RU
06fa2cfe-2cce-46a0-a922-50ede3665dbf|AE|mlQV6test@test.com|UK
d9c6239b-1b26-4443-bf90-38d81ff7ad2c|AE|1vLkQtest@test.com|BY
8a2d58e8-90bd-4188-985d-6d7dcbfd27be|PLC|+375423811115|BY
efbfce57-1109-4aba-9abc-9f95d3c9e083|PHC|+375974850039|RU
e80c99ed-e61a-4b53-8a8d-ca3ec9631f58|ME|VlQX2test@test.com|UK
271187d4-d8fa-45d1-a56c-d497c93e55b0|ME|Ewjj6test@test.com|DE
492b447b-d895-4544-996c-6482992dbba2|PHC|+375800672137|DK
e9751250-c1ad-416d-b20c-cb89083ea1b8|ME|RWTQrtest@test.com|FI
eb4b1a8e-07d7-4575-8eb5-f91fdc632b61|PHC|+375363557622|CA
8e5c8651-f583-4ac5-966f-d96ccaa8f106|PLC|+375620150446|BY
40d23fa5-9f22-4956-8aa1-18b6438af421|PHC|+375676716521|BY
9ac20182-1de2-4884-8744-9b72e428e5d5|SMS|+375399713283|DK
d31648d8-2060-4e29-b629-b9a6384a5aeb|AE|5ozqttest@test.com|BY
b55b37a4-5e53-4c3a-b0e7-4d556d428724|PHC|+375616630156|DE
b8a3b4df-2b28-4034-9c58-dd06ca26352b|AE|zrq3Ytest@test.com|FI
d11e2ef2-5139-48d4-91c5-08da3ceab813|PLC|+375367341901|DK
df107caa-155d-4b9c-9a03-444546f8c43d|ME|RPOPStest@test.com|BY
d916cec1-453a-4cec-b927-392c6d622369|PLC|+375505609489|BY
b3992066-7f88-4126-9f69-2d21a5a51712|SMS|+375450178050|CA
f83fa204-4087-4607-94c7-3221a30ea9d6|AE|TRAYFtest@test.com|FI
7828d8ec-40d3-4af8-bbeb-936091cc3257|PHC|+375382073613|BY
593f7074-a694-4299-a746-d65e51a71a60|ME|1rzGftest@test.com|UA
66be4928-61cd-43db-8f9a-89f5f78b1982|ME|4aPpTtest@test.com|BY
95961717-2c6a-41a9-8381-d1111dfc9c32|AE|5RZCOtest@test.com|DE
c6966dfb-ca6d-4e67-8523-661e351b5b37|PHC|+375427825413|UA
0dab7482-1ffe-4856-8ba4-aea47cc8fdcb|AE|YfNFetest@test.com|DE
cf72f046-546d-4955-8404-7aa170523d0f|PLC|+375422303570|BY
1a73239c-d017-4059-bc66-7c9ecd363cec|PLC|+375467173497|FI
2c606704-a411-4868-8268-66c33e05a03b|SMS|+375893515194|DE
2ae29062-4b3c-481b-8cee-239f92a01359|PLC|+375479064046|UA
8c3cf8d2-f302-42cf-af04-fa80eacdcb66|ME|vjJkAtest@test.com|BY
7958f754-b5f8-415d-9bec-de2284b95a01|PLC|+375546979054|DE
a2996b40-bc91-4b23-8676-2ab3a2bb3e30|AE|1Cwa5test@test.com|RU
64daba37-2673-47a2-9420-1f6bfc9ee171|PLC|+375619104188|DE
b4d3e1e8-80de-4e56-b696-0500a73dcf0a|PLC|+375398467062|UK
3188bd3d-6010-45b0-91e5-47973e4b1196|AE|i7lPStest@test.com|CA
d3323e15-fcb7-4fe4-9f88-2880537d2934|PLC|+375493949740|DK
4d0de0b4-b7f3-4cfa-b12c-f1851b411966|SMS|+375280136767|CA
48b71e4e-5f28-4dfe-b272-38295a549b9c|ME|ooZnStest@test.com|BY
a3f364e4-7cf7-463e-917d-b3eda23f7c6c|PLC|+375489138179|UA
5034c09f-a3ab-4a84-b569-daa88f83b85a|AE|LwXIotest@test.com|DK
a503c0bf-1b27-4038-80b0-04ed103939a1|PHC|+375842706113|BY
dc23eb8b-4345-4aa6-acab-6cd830b15158|PHC|+375329875448|CA
20fcb373-8f77-48e8-9c70-bfa587d6ec47|PLC|+375476639896|BY
6c6c62f5-83cd-4b14-b08e-a59b2bed9918|PLC|+375880040327|CA
19b65a9b-046d-4c3f-96bb-a626759f82ea|ME|U5nmJtest@test.com|BY
74ff828e-a8aa-42f0-9a9d-01a52aa953eb|PLC|+375832478854|UK
32abb9ab-4c98-410e-a211-fcd3e3997327|SMS|+375610704863|BY
dc72a8e4-c789-4c54-9c82-b4d6824ff612|ME|sYAa9test@test.com|BY
757ce595-e824-4e73-a068-40d9b657f7d5|SMS|+375552754195|BY
eba2fbb6-f39d-4c6b-aff6-044c7c8ee24a|AE|JV1DXtest@test.com|DE
eea24077-bef8-42fe-b8b3-8e52087c8d31|SMS|+375486781511|BY
d04d4171-3443-44a3-af12-51bc5a7664b6|ME|9FK2ntest@test.com|BY
836f7e19-950c-4752-ae49-e1e1ca568a08|SMS|+375701306407|CA
8d0e0e59-86ce-406b-a958-b444229a6e7a|PHC|+375629399155|BY
f1535d29-2854-4fd2-ac74-e9ffe3f61c69|AE|8V6Tvtest@test.com|DE
aeb584e3-3b45-4f93-9ec0-d20a6244be3b|ME|0GcLntest@test.com|DK
be6e35ce-5981-44a9-8495-4ca83cf72900|PHC|+375787592601|UA
ad2dc279-9bc6-4733-8d0d-d49964aeb7aa|PHC|+375393457123|RU
a9c7dff2-ff61-45f8-9d29-120d935b8ae2|AE|3Zdrytest@test.com|DK
a53134f2-06c8-41e7-9d8b-b80ea8ecf95a|AE|65hLFtest@test.com|UA
9c2bd3f6-953b-49be-bf43-93268bb93fb0|PLC|+375581334206|DK
3b322326-7ca6-4ee5-b346-27c6047d3f61|AE|vXKjNtest@test.com|UA
73e6424d-7728-4105-a9e4-e05fdb1ac1cf|SMS|+375433154984|UA
44521447-47d4-4caf-9b87-34bc3a4f7d40|PLC|+375835980739|BY
5240777a-f82b-4c37-ae53-0346b06af195|SMS|+375508319701|DE
2a8c2de0-f421-43ba-b5b7-b88a500814ce|ME|6tHYStest@test.com|BY
4a067822-cf82-4166-b4f9-7eb76b1050df|AE|yPkH1test@test.com|BY
a8043801-99db-4817-8135-03a5e1baaebb|PHC|+375891220461|DK
4e195a45-ce3b-4a8c-85c6-3d277b802643|ME|8nCtztest@test.com|CA
03adff1a-140d-4af0-bf75-4011035e487d|SMS|+375590602508|UK
02b52e64-58e1-43e0-9840-8dc4bb1f4660|ME|3VvZGtest@test.com|DE
3b988420-06ed-44c6-8695-bf9c652fed4b|AE|hPho7test@test.com|DK
c982c667-afa3-4f20-8811-6ccfefcf933b|AE|wyGEztest@test.com|BY
fc885cf9-cbc7-4752-84a5-b5c326cfcf56|SMS|+375804758888|UK
4fe2f09b-a501-4762-8e92-92a768f9176a|SMS|+375647600010|BY
7483008d-9397-4758-b78f-7a387cca94e9|PLC|+375607132357|BY
0cf499b4-99f9-4f99-bede-018c9329664c|PHC|+375928081893|FI
62cbd57a-00a7-487b-ad68-5305f0689bf5|PHC|+375443640995|UA
46343a70-c7d4-4094-9cdc-265b2015b48d|ME|lxOSqtest@test.com|DE
ae98ba12-16a3-494d-a974-45e1df39bc13|PHC|+375435298979|BY
855b5a5b-214f-48e6-a67d-f5c07891f52d|PHC|+375442754828|UK
149944a9-353b-4415-8d61-a5f7a3f3d7bd|PHC|+375525207549|BY
54d76898-7697-4d91-95e2-ce98a7894612|ME|uuieetest@test.com|DK
97bf155d-36dd-4822-aa77-0c022e1ebd73|ME|p9zmytest@test.com|DE
58bd7453-f5c5-4f9f-ba05-d267cc7fcc85|SMS|+375682859413|UA
a4c7a03f-e647-4ec8-a1f7-6d1f4a253296|AE|eSnPQtest@test.com|DE
3b915824-27ca-4f88-8656-45303782397b|SMS|+375861755694|UK
2a93ff2c-8969-4133-9282-ce897424c45a|ME|1HLR6test@test.com|BY
9bc6a27f-a89a-4adb-a658-b304f66a706d|AE|VStWVtest@test.com|CA
71f56f9b-a70b-4b86-b727-34bf30af9d60|PLC|+375395281453|CA
3b35bd5b-a0f5-44f2-b8c2-6678e9f8f674|AE|UIFkxtest@test.com|BY
cea5824b-fd80-4eec-94d3-996e608a156f|SMS|+375598175989|UA
d5f7b0fd-f1ba-4c5d-a47f-25ed5af5c020|PLC|+375911875954|BY
33e41133-d753-4516-9755-0ea4f0a929c5|SMS|+375485119559|RU
bc794d08-78cb-4226-8423-d653f2b74040|PLC|+375996384765|DE
e0cef9ef-020f-4371-a6b1-095cc2634955|PHC|+375999974190|CA
623ed84a-f0fc-4346-9375-7b885e0f4f91|PLC|+375748451713|FI
89994995-fbb7-4adb-adae-9050c6e2030a|PHC|+375639698525|BY
195a5074-8c15-4218-8f53-629a7a597b05|SMS|+375318176359|BY
fce5edef-ac9f-4bc1-883b-6a31f35bceae|PLC|+375927897690|DE
75071121-17a0-4a4e-b749-59caffc3281d|AE|teNvNtest@test.com|UK
a096f28a-dd06-44a0-aee6-79e942a2704e|PHC|+375487924979|BY
e11c8f2e-10ba-4341-948e-ce24050cdb63|AE|ynYV9test@test.com|DK
fc3665a4-337e-4263-bf1f-6aabf343f855|AE|owC1Itest@test.com|UK
bf48e205-d273-4d30-ba16-8c12a03f9847|AE|7E7AJtest@test.com|DK
2eed46ae-7859-45fd-bd2b-32ffde158176|SMS|+375662761767|UA
1d60aef9-dc05-4c84-bb71-a9c6706e1ca2|AE|6vGaVtest@test.com|BY
ff01b1eb-30a5-4568-b978-acd03a08c200|PLC|+375965685024|BY
ae41fb2e-9ae7-45d8-8b1b-d39f3f555eaf|SMS|+375758064083|DK
1330da41-cb8c-4302-b085-98bb1ff131c3|ME|Bv8JDtest@test.com|FI
da9615f1-88d6-4305-951f-465f44b3adc4|PLC|+375640175377|CA
f89f69e0-aa14-4648-8433-1519dbe0e121|PLC|+375487420768|UA
9aebdc7c-7e88-4e9d-a5b1-bc4bd4c6b0c9|PHC|+375781679027|DE
66eb5e1c-33b5-4d31-8d42-c208df332247|ME|f47t0test@test.com|DE
003d88fd-c67d-493d-ac80-ffa7d9af4472|PLC|+375737465799|FI
88efef2d-958a-4aec-ae60-22bee6d05659|PLC|+375900115078|FI
0fcc1597-80bb-4396-97d0-f43d8aa8c0bd|PLC|+375377859851|RU
2f7c8753-90f8-46b2-999d-c8e0ef198753|PLC|+375790703363|BY
e1e3a59b-7ace-4b85-94c3-afc3a6b5edc1|AE|ciQtHtest@test.com|CA
5d7aeb5b-70a7-4bf7-8c86-6bc538a7e196|PLC|+375505195634|RU
ec7dd150-94cc-47a3-8cf4-5a80573bed41|SMS|+375253243756|CA
d1335299-e3aa-4268-9a4b-0319054195ab|ME|ddSOCtest@test.com|BY
f8880dd9-847c-4408-a5e4-aa3eb9b5b40b|AE|seh8Rtest@test.com|BY
5e5cd393-d962-4f06-9e18-f54a0ae19da8|ME|mNFdPtest@test.com|DE
d90e8f99-3de0-45f5-8284-7ca70068ea14|ME|uOOlztest@test.com|DE
bc955a94-0584-41dd-910e-65edfdc3c7b8|PLC|+375681319867|UK
f9aed560-88b9-4397-afaf-0003d303aea1|PLC|+375914110584|UA
4e8de828-f103-4d29-846c-b375d50cdc2a|ME|yh1LTtest@test.com|DE
f199b0c5-1470-411c-a41b-54e5a840d57f|PLC|+375297276757|RU
dc7b43fb-a557-49a1-a5d2-233cf9913090|PHC|+375406730961|BY
0a6b93f8-f132-4955-adf4-a3a9173ea699|PLC|+375829974771|UK
69d06087-ac44-4a2d-a8b4-e87fe32376b9|ME|H2lUDtest@test.com|UK
5ceea36f-a072-4309-81ac-aa17e5530df0|ME|Wft5Gtest@test.com|RU
ef8ce0c9-b361-4cdb-9e03-ca62bd9508f0|PHC|+375973650297|BY
34d385bb-e6f8-458c-946d-5a019fe7db0a|PLC|+375625344005|RU
244b97b2-efe9-4ab6-9e42-77fdff55e865|ME|uC8fptest@test.com|CA
02f07f09-a2de-428a-a2fa-7487d6af69fb|SMS|+375848562400|BY
3779e5a9-dc79-427e-8fa2-c0ea12b15935|PLC|+375533840716|UA
965bfe0e-0fe7-4e05-b361-a1261f3d1537|ME|6SL79test@test.com|RU
a8aab0f2-a3f8-4ffe-ac98-383464cf9c6a|ME|s73ZVtest@test.com|CA
2829de6e-c9ed-444b-a1d6-e7e7e29c169a|AE|yWnF0test@test.com|CA
13aad7a6-538a-4ba1-a68c-55ac6728c4dd|PLC|+375791089777|BY
381836ed-75de-40f1-bea7-4edaf89e342b|PHC|+375566437279|BY
ba36583a-cc3d-437d-b78a-1bbf077e871d|PHC|+375750025886|UA
e0b4ac88-2156-4834-a0af-3d8b75fc50f3|SMS|+375898523763|DK
3f305225-11fc-483e-a661-a09d263697e5|AE|e5G29test@test.com|DE
8eff7e04-a780-4793-b9c0-ca50f7078990|PLC|+375356029662|FI
381108b4-64ff-48b4-bb5f-254fe6226fc5|AE|H9wZttest@test.com|BY
004d079d-9a91-423d-b5b9-cb50dd040467|AE|DU6hXtest@test.com|UK
47abf7f8-acde-4b66-90ab-d97bff2c84c6|AE|1Rfantest@test.com|BY
9004414d-0ab4-4abd-b1b2-a19d203a9990|ME|XaaKTtest@test.com|RU
3f294fa6-2d11-4192-9111-908108aba784|SMS|+375789685679|UK
04aa0daa-87e6-4ef7-b6ad-e8e9c1b7774e|PHC|+375500125238|BY
227c5bfa-ae16-44db-a363-5cd9f32b1c31|ME|L4z3vtest@test.com|DK
b2dc1938-30d0-4bf9-94d4-47b08be14e7a|AE|nOzSKtest@test.com|FI
529fb921-dd99-4ea3-85fa-7e38c1060c1e|AE|fSZF8test@test.com|UK
4456445d-bf6b-477f-99bc-44362138a6d2|PHC|+375419186145|RU
f9d284dd-b289-4379-9324-acb63c94bcdb|SMS|+375933508381|DE
e3db994e-9332-4431-b663-69d9c42eec49|SMS|+375824414666|UA
903d51d3-7a96-45c1-859d-20c7fb94dab3|PHC|+375543269274|UA
6177f369-788c-4e9b-a1a9-e895c52f5146|AE|siAi1test@test.com|DE
810a26a7-5b74-4838-941b-230dbc1a7d10|ME|a7s2Ltest@test.com|CA
148c8a42-2889-441a-bbba-f83d429e3c14|SMS|+375778496835|UK
96205bd0-0d82-4681-a0cf-98dd853cca59|SMS|+375429892180|CA
8d565ed3-2c02-41f7-8d95-494852610b67|ME|KGEWTtest@test.com|DE
29e7c339-3275-4e55-a44e-80657fc17ed1|PHC|+375913872541|BY
c3e31dc0-154d-4dba-b9b7-0e448d159864|AE|b86Hktest@test.com|DK
5d657d09-aa34-43ca-830c-49045ae49e23|PLC|+375708075960|UA
b2ba3cf4-340e-4443-8286-6b6eea9cc6bf|AE|14Q6qtest@test.com|DE
782c9f17-9f5a-40e2-8c52-033049b42022|AE|5qvoCtest@test.com|UA
6e12d88c-5f63-43a4-8b1f-6c27942e798d|ME|AJWistest@test.com|BY
3092f8c3-3ff3-4b8d-96f3-9eb175e97cdc|AE|Y7XyTtest@test.com|CA
cf9c6ed0-9949-4936-99e8-faadf44965c7|AE|KAePxtest@test.com|BY
29e370bf-9cef-4426-b933-c1fa76c4103e|AE|4PYX1test@test.com|BY
945be65a-3634-441f-a454-1e59a7675fe5|PHC|+375474498344|UA
b6ceb0a3-d9f3-4b41-8d2a-228dd080ade0|ME|bsxKOtest@test.com|BY
9cadb4e8-e98f-44dc-b006-0ff209a81ca6|PHC|+375700507680|UK
6cc2c3e1-d958-422c-bdb1-2de7103fcbec|AE|hcsV8test@test.com|FI
71aa2568-36d1-45f0-8f79-047e0168cdf6|AE|IBtG4test@test.com|BY
df77e623-13be-4235-bacd-2f2622ebf039|AE|OdLzitest@test.com|BY
faa703a5-e7bd-45e8-be61-2b625ae9c5a6|AE|5zfBstest@test.com|UA
4825b146-568b-4264-9c4f-66efc3cd23f2|PHC|+375944792845|DK
fb22d477-bf52-44ea-ab1a-ea668c5fa507|PHC|+375708903677|DK
c026a20a-b710-4c20-836c-b3fdb4d42bb0|AE|Ymjp5test@test.com|UA
7295c417-7533-4429-b6ec-489b37b9df3a|PHC|+375638899251|CA
c1242218-a2d8-4ab2-b049-118adfd25f13|ME|D0QmLtest@test.com|FI
8446e15e-2bef-44d0-8989-3de60d3e5282|ME|8nOSJtest@test.com|UK
4f07c510-24e6-4556-9789-258e475181c1|ME|xqZJNtest@test.com|BY
d5a275fb-844b-44cb-9737-33a377c481da|PHC|+375650159545|FI
5634e27c-9b01-42e0-8845-c75c204c69c0|AE|sH7srtest@test.com|FI
b18f5cc6-bfb6-4dbd-a0d4-6c59f171ae05|SMS|+375371143408|CA
2c0be91e-65c9-465d-a712-bcfc7003507d|ME|RWJestest@test.com|CA
12481ad5-5b96-4f13-8c5c-6200c2c31cdb|SMS|+375701414598|RU
edfc0ad8-c3e6-4483-bd2b-3389e58909c7|PLC|+375677135369|UA
91a5266d-bbfe-4af1-b9f0-086e4667b70d|ME|vOWlVtest@test.com|BY
5f6d594f-0162-401d-9534-53315d464730|AE|QSwvDtest@test.com|DE
1350c84c-12bb-492a-afa2-f7d63e33b2f4|SMS|+375599593634|BY
b9ee95bf-4563-4dbd-ae2d-e908e002916c|PHC|+375433358962|UK
825860cb-d75e-4dd3-aa7f-dcfbaa078688|PHC|+375348118792|UK
bd110df0-83c9-4404-aa69-638acb7910bf|PLC|+375828284548|UA
38e2f447-ebd8-4a84-8e75-11c5567d1968|SMS|+375959476461|BY
631b48b7-649d-4c18-b0a7-dc19bdc2c9ce|ME|PNZnbtest@test.com|BY
5917f1e2-61ac-47fc-adb2-b1776abeece8|AE|t0yJwtest@test.com|DE
072dd680-1ff3-42c9-ac31-71c54ccca249|SMS|+375419051500|BY
d461b267-c0bd-49c8-9a5f-ca53f029fad6|PLC|+375488684407|FI
6f427ada-48e9-4b1e-8d91-ca70ddcbc37b|SMS|+375656044885|BY
b139a4fd-28ce-4cbe-90e2-03a3906b4324|PLC|+375997329597|BY
14b63757-54b9-4947-9897-9f6e52f00ad5|PLC|+375862143542|UK
a5cbdfed-963e-43b6-b36d-935130527695|SMS|+375576731918|UA
f7ad41a6-0e9f-48c1-a71c-292fa6fc97a8|PHC|+375431041958|UA
bc1e7f03-18a5-4723-b659-04636a01f52a|AE|tx2Gotest@test.com|BY
4417938a-53be-4909-a123-c387ef42358a|PHC|+375953235833|BY
f3aa546f-2f7d-4bf7-97b2-b28647a3da5e|SMS|+375775941405|FI
94dfabce-3aa4-4010-a1ad-721949d37a7e|AE|fKGVjtest@test.com|UK
5477e12e-dfe3-4da2-9804-900d1f99ae3c|AE|wvBadtest@test.com|FI
1f1518db-b2d0-4f56-bd41-00524c2fbed0|AE|jzpCttest@test.com|RU
7114d1e3-72b5-43bb-bff5-579780f3a7fb|AE|4OjLmtest@test.com|DK
46ce815a-c26f-40cd-aec1-82f38702cf9c|AE|ac0c5test@test.com|UK
3d7188c1-bbc1-4bd0-9aab-039ea1bc4426|AE|cGSDFtest@test.com|DE
77312bd7-c0ee-4943-9532-7c9f70c36860|PHC|+375795817686|UK
6f37e0be-19ad-4b02-a702-18a378044805|PLC|+375729127571|BY
26fce446-0be3-434b-8106-979a0461b2ae|SMS|+375338615336|RU
a23fe56f-19e4-4072-af90-2f41e9ccc9fb|ME|lpGTitest@test.com|UA
2a0716d8-2e4a-45a9-b883-c9f87710760f|PHC|+375492348718|BY
b7db28f7-61d5-4fd1-b2ac-32bc850817ce|AE|AbcOBtest@test.com|BY
5b65425e-8da7-49fe-9933-63ca209c951c|ME|eBQtdtest@test.com|DE
7c2dfa8d-3bf9-4111-80c4-ba8979d30b28|AE|7AUaOtest@test.com|UK
0f186fdf-84f0-4c1d-8c28-0aa84b65d1da|PHC|+375796407796|RU
600fc31a-386b-4859-a4d6-b9bc4244d6d3|PLC|+375299075572|RU
5e65b173-5338-48d0-923a-f7e92569fc02|PLC|+375900485406|UA
7f1c240f-1b01-48ac-a43e-2a9ee54b37ee|PLC|+375466187015|UA
77b0e724-74dc-414b-86b3-a859cbfe70f8|SMS|+375814224631|BY
1acd1da2-f053-49f2-88d0-dffdaaa7276f|AE|qzaoTtest@test.com|DE
753be0e3-ed56-4d96-a42d-062ef6c9013a|AE|6GHjutest@test.com|BY
b3b11566-3533-401d-8709-1520f55a84cc|AE|sFOr7test@test.com|BY
e33b7c53-699d-418a-bad2-429334a9fe0f|PHC|+375591017537|CA
b3315057-1783-474e-b867-8cc04c34c55a|SMS|+375581352791|BY
f42ed7c3-3600-450e-b0df-b5cdffcc833f|AE|nw0rptest@test.com|BY
4edcd856-60c7-430a-97c8-cf326689b6ea|PLC|+375856350066|RU
b3c82ac3-8420-4732-9bc3-d22286f6a8a2|PLC|+375704352452|BY
7b867673-fbc0-4fff-bf7b-d948bc08e88b|SMS|+375933420976|UA
12859c3f-bef0-4b9f-9c9f-4ac3912147fc|ME|40orUtest@test.com|DE
06a9d89f-2ed4-4593-941d-3b9808a03a67|PHC|+375695356043|BY
aa6fa6d1-5d06-4345-a38f-c7d37c694a54|SMS|+375476556207|DK
58b777bc-c53d-4ab2-bcbf-11867d47b733|SMS|+375952128376|CA
f5f5c705-5ee9-49b9-a3d4-071cf156ceae|PHC|+375289501086|UK
7833904f-e662-4a01-b8a5-228e4441b6d5|AE|8rbUhtest@test.com|FI
c5183573-5d32-4c1a-8b01-ea1cf417e770|AE|kjkgttest@test.com|UA
7c204b67-c97c-4d87-990a-f9ee07f64681|PLC|+375730908930|CA
2e5d9cbe-132a-4d60-8358-c35ae5bb67b3|PHC|+375790104481|FI
7e3836fa-6a8f-45ac-bd94-db29dbcfe9b6|ME|ZKfbUtest@test.com|RU
66ae51d7-330d-4a1c-b5ad-da819669dcfd|ME|ND0lxtest@test.com|FI
3eff766d-d362-48d0-a992-97411fbbca05|SMS|+375505394728|FI
7dc9394f-9d76-493b-8032-aeb757e99042|AE|drGPmtest@test.com|UA
50fcfec3-1c78-4e95-8d59-2d1ddd499dfe|PHC|+375688905397|DE
dbae8e06-c838-41c0-beb3-ac73acbdf80f|PHC|+375404397622|BY
8d37b82e-1bb5-48f9-9406-3f961e1a88a2|PHC|+375694603649|BY
c2f73158-b1a7-4bcb-842a-7eca4bccfebe|AE|1biZItest@test.com|BY
b79ec1d7-c91f-4368-8a6b-377de75886cb|ME|uZp00test@test.com|BY
c013dead-585d-4bbf-bcf9-b8dec87e4620|AE|WsTLltest@test.com|BY
a736e8dc-9781-41d4-bb44-a8f645fd7ef0|ME|N6oestest@test.com|BY
af4f7452-e60a-4fb2-98eb-1650e1d53510|PLC|+375601195739|RU
11c934f4-b4d9-4c95-900e-a3c89817b3dd|PLC|+375794531241|FI
7a99f1ac-966e-4a04-b15a-0d0a947856de|SMS|+375305755773|BY
dfa80c9e-c168-414e-9e08-a51534779334|SMS|+375346328338|FI
3148c550-2ea8-48f0-8da9-41953869d055|PLC|+375853886598|DK
8adfe82f-cb04-4a23-8fe2-0a77c64a3572|PHC|+375399704059|UA
6f14b650-7371-4f46-b609-67f4803d606f|PLC|+375682327988|FI
e23c7e6e-1b27-4442-92ee-9ee2ca38dbf9|SMS|+375571259746|UK
ef208b69-486f-4e08-8c2e-4b0dba58f78c|ME|2NwXatest@test.com|UA
66bac73c-8a05-4b00-b883-5b48c1b84046|AE|BoxFAtest@test.com|DK
99a26d2a-fec2-4e3e-86d0-2834411447b8|PHC|+375891849740|BY
6cc49b19-3538-412f-b195-8c4593184b14|SMS|+375759936718|UK
fde88ca8-586e-446c-87ff-69d7b43615f2|PLC|+375718871117|UK
7f4e9e62-c7c5-49f9-bbbd-9e86678f47e8|PLC|+375691020155|BY
d786c38d-f1f4-4a29-9514-31126502941a|PHC|+375850703133|BY
e8d7e565-3c33-4ac5-92d4-64698957f67d|PLC|+375677133828|DK
b18a8bcc-8210-4a67-b455-a97ce3fc21ad|ME|I73Owtest@test.com|DE
fa68e4a6-d949-431c-90e9-77fff4748d89|SMS|+375292863037|BY
f64535e6-e0ec-4f95-b372-3c70b26d6031|SMS|+375337345745|BY
11356a4c-afe9-4f4e-9f71-f0278197981d|ME|4uRubtest@test.com|UK
f3697dab-1da4-45d3-bf8d-b178b3939219|SMS|+375258498964|UA
34702d9e-c639-4a16-82ac-51e8b0a01946|PLC|+375860422880|BY
5605c5d1-1a12-44a6-aa42-2876fa640694|SMS|+375627982482|UA
1de71458-93eb-4051-9b23-9c022565ae25|PHC|+375864226605|FI
15ce6d55-dcd6-4ca0-ac72-526dfc7d6fa0|ME|UxTXztest@test.com|CA
007d5d1d-a973-45ff-818c-620552ac32e2|ME|8Dio1test@test.com|BY
909a489b-fa1b-46ef-ab9e-e45bfaafb634|AE|cSGVPtest@test.com|BY
195aa838-9794-478e-9357-c75cb3503045|ME|NOkzdtest@test.com|DE
6f3e16b9-2472-40ad-8084-3f6de0630189|PLC|+375793235805|BY
840a62a4-1a8f-4f1e-bcef-ca9bbf580a0e|AE|q60mvtest@test.com|DE
81528743-8dcd-4621-8465-5965e02f2751|PHC|+375727053333|BY
213efafb-bad1-4e99-97cf-9a94f979f804|AE|VAx8Itest@test.com|BY
e7eac7a9-4eec-45bf-accf-ce7fa0f1c425|ME|zug3btest@test.com|FI
45418a7e-6cdd-4f56-8cac-f47daec41049|AE|EVNA7test@test.com|CA
bd96a68b-5754-416a-9587-9a8a10e51f4a|PLC|+375849012899|DE
aaaf5abf-198d-4966-94ff-005514cc57bd|ME|ehQ4ytest@test.com|FI
b042f215-7cc7-423c-b59f-50ec259143a8|PLC|+375983388201|BY
e5bae93c-0b97-4756-96eb-45f31fab89e4|ME|YUUVUtest@test.com|RU
1f4e8af5-bea5-4165-88ee-c7b529de00ea|PLC|+375796430711|BY
73270fb3-76d8-4ce8-bd83-ea5c2900acc0|ME|7k5wUtest@test.com|UA
dd62d9d2-7c47-4683-ac4a-b961d6886f99|AE|dwvSntest@test.com|DE
ad92bb0a-2de6-4ffe-a1c2-176a21b287ca|AE|PGdnVtest@test.com|UK
d7d0a20a-c3b6-4c75-934f-25cb43a5c5ac|AE|NyAIktest@test.com|BY
08201945-6469-4304-8afe-2edcfbbf0a61|PLC|+375675416141|UK
61d0c673-d29d-4752-a664-ebd49cfd5f08|ME|UQI3etest@test.com|DE
2a6d530d-a1f5-4344-84e9-f16da6347a77|PLC|+375828142921|FI
69e7fbcc-2622-49b9-9b34-9577e6995f4e|PHC|+375306139821|UK
a4b59ae2-10d2-4088-b181-12ffce6e556a|ME|8OSaKtest@test.com|BY
6b6dcecd-a82a-4440-b06b-592f09bc03fb|ME|cz3oktest@test.com|BY
072fe1d7-9865-492f-8b2e-d9c38d5cf730|AE|Ligmxtest@test.com|UA
b0f3fbca-1672-4be2-aba1-9cc3bc83a7b9|PLC|+375817014788|BY
bf0607f5-af87-4b08-8914-4e849fba2cf1|PLC|+375616889493|FI
21a964cc-d333-414d-a264-48e9a6a791c7|ME|lSj0Rtest@test.com|BY
5e191b81-e3bd-4c05-9969-edb5e57054f9|ME|YPF1vtest@test.com|DK
ad8f8aaa-f688-4f68-b1a9-e0b0bb3a638a|ME|YPJqCtest@test.com|BY
2d330203-268b-49a7-aafd-7f47fbf4b817|PHC|+375797273406|BY
fae1fcb2-ce1f-41a7-a505-4b568751d50c|ME|k2taytest@test.com|DK
f4c32a39-d48c-4a46-a0a0-33bb52bb420b|SMS|+375876697692|BY
7ca6d040-58a3-48a3-9aa7-fbb078511b74|PHC|+375646887758|FI
fb416ebd-a9b0-4853-82fc-0c77125e3ce1|ME|tyUq5test@test.com|DE
976ecf92-9cf4-4209-9ba8-0a700f666229|ME|Lq1e9test@test.com|UA
8dc0c8da-3694-456b-b840-cfd18e08b502|AE|EDhJNtest@test.com|UA
b12a8151-4870-4fcb-b722-09e3d8fac125|SMS|+375902916657|UA
ac6bba01-56d7-45fa-9234-636091913321|PHC|+375600220217|DK
1e1822f2-36c7-4a30-927f-faf9e1e92441|ME|YuXYFtest@test.com|RU
0396e53d-60f0-4306-8307-1fd244345f7f|ME|96DEBtest@test.com|BY
02c2aaed-43ed-46ba-9996-6584de936019|PHC|+375941659374|DE
f379e078-8773-4b7f-b005-6346259e8132|AE|oxm60test@test.com|CA
711bd67c-9da4-4e50-a1ff-ccd5da0067f1|SMS|+375639480075|UK
dff7c4ca-55b4-4b88-9aa8-cd7ad29e1741|SMS|+375253795449|CA
c5a5a6f5-5bfc-486d-8994-178c80b533c2|SMS|+375478473763|UA
a6410250-89f6-4255-9b1d-2144d6cb27f6|PHC|+375800187394|CA
661d89a4-48ce-41d0-a8dc-dfdf7aed5b88|ME|Lscyftest@test.com|DK
a0aaf0da-70ef-4ad6-a67c-cf1bbfcfc9af|AE|A5b47test@test.com|CA
1e3510f5-850f-46c2-96ec-8f7db54b0018|ME|QTjgptest@test.com|CA
a9bfa2fa-52a5-4051-9773-a03c691f7918|AE|vVAT9test@test.com|CA
9af214ce-d3f3-4034-be70-1a053b3c2a31|AE|WqYjptest@test.com|UA
de5eca25-d743-480c-97b3-efd16eca4886|AE|nFYuYtest@test.com|UK
749432c3-e279-48ea-a829-4b6cfd897574|AE|2xHwYtest@test.com|BY
022b2016-8fab-4e2c-aa28-1237d3836032|PHC|+375516564192|DK
6cf2516d-69cc-4228-a1b0-aa02fe8df5cf|ME|pgTAztest@test.com|UA
f5c6c1f5-7f47-4970-b018-72e262704eeb|AE|tUPyItest@test.com|BY
3f11c48c-e5c6-4c78-b86b-f3387710385f|AE|bVC0ctest@test.com|UA
cd7aa954-1701-4118-8ba6-f2747ca6ae6c|PLC|+375975180517|UA
ec17c87e-1522-4a25-9aee-f234473d9845|AE|cTv0utest@test.com|CA
d05af084-ea76-4620-81bd-e95c32f192c7|ME|1B49Ntest@test.com|RU
850db644-dcb4-4264-b73e-7d2da885f251|SMS|+375732829034|BY
b7ee9f37-3ac3-47e1-be55-1e1186353127|ME|ZZOontest@test.com|BY
7a129917-8cc1-4583-a6a9-deee585f2935|AE|F52y3test@test.com|CA
0ca206f2-51bb-430f-8e08-80deb440d4e6|SMS|+375962416403|BY
24b8bc32-6964-4e42-bbf0-cefbd7fd5ba1|ME|yh7zltest@test.com|DE
298532e3-e3ff-45bf-85a9-dd131ab428f0|AE|jLbfvtest@test.com|UA
f895b426-76d3-40b6-8343-b68460476cad|PLC|+375802949550|RU
3f388136-9ea6-487a-be43-da847633a467|SMS|+375622269892|RU
51110581-789e-4ab1-a61f-3e51b93fcb2b|PLC|+375867097052|DK
eb94120b-f578-4268-a49c-8f29e25ba7e3|ME|iPeZYtest@test.com|DK
7553b1fd-16d6-4515-a069-67e0989a4d3d|AE|z7rh8test@test.com|BY
0f8aabb1-9763-42a2-ae3d-ce7d9e4fb3d7|PLC|+375342444426|BY
0101a07f-f3ab-436c-89f5-21461bc52ee1|PHC|+375542044019|BY
35b73d22-dde5-4bba-a8eb-57091657d706|ME|PGw0xtest@test.com|CA
673d5bd6-de4a-43a4-bd06-cfb265a6c002|SMS|+375900289152|BY
b669d9a5-0c3a-4b58-9013-8140bf7b01d1|ME|pK0Wttest@test.com|RU
29f07016-bd4f-4722-a785-0e9a307312c2|PHC|+375589210895|RU
b6037d30-83a2-4d84-b599-6fc9ffbaf270|PHC|+375761684596|BY
a21a3d2e-857d-44ab-b252-a0ab3085e5b4|PHC|+375423677229|BY
75a58e61-29bf-4289-8fa8-df1983369f08|SMS|+375661416957|DE
58ffad59-de28-4fd2-99ee-2672a529db34|SMS|+375629583396|FI
9b6bc07d-ee27-4f85-ba9a-f8f4dc476fc6|ME|2t15rtest@test.com|UA
af32b412-4da8-4daf-b796-f863c8d195e1|AE|0pb70test@test.com|BY
c8aa5437-90a3-4da7-ba15-447621262570|PHC|+375793318441|BY
c0d78907-4f5b-4848-80ae-d436de56182f|SMS|+375835985755|BY
350d5056-e4ca-485a-a37c-e2840ca8aece|PLC|+375858008595|RU
7dd2e8dc-4d52-49b0-9fdd-fecad9888912|ME|dWUg4test@test.com|DE
2b7bc434-ec02-44f6-b412-059c4447d4fc|PLC|+375337303708|RU
48f0b2a5-e847-4198-a4aa-f95641f4b47d|AE|Wu13Vtest@test.com|DK
2eaec8a9-25e4-486c-a591-296b2db19053|SMS|+375441433128|DK
6bed587c-1f93-4039-85da-ceffac985595|PHC|+375505943964|DE
66608aa7-18df-4db3-a764-93f8d5aa2059|AE|zGp3utest@test.com|DE
a0825df2-c5b7-410a-92e1-2b56aeea2d78|PHC|+375553950703|FI
256f027b-0c11-430e-9286-7f772b00a859|AE|Z3Kx8test@test.com|BY
466d5473-d76b-4b39-b060-351de7d4a571|SMS|+375699726511|RU
57bdb028-9393-41c0-89f8-1e7d1ef2b729|PLC|+375874968912|BY
b750480c-16b7-4c60-bf00-0c842b10bb68|SMS|+375327017189|DE
e404896b-589f-4213-a320-1e0148e6e714|AE|p93hJtest@test.com|BY
7a2f9d4f-72c9-482a-ad28-293562861ffd|PHC|+375978187705|BY
a1494d10-5695-4937-b697-e9b28f061fca|PHC|+375923115581|RU
c5ca8a89-341b-4928-9d0c-d2ff8ac7153d|ME|9GIhQtest@test.com|UA
96ad58c9-0a68-441d-b35c-029ce7239ab3|ME|Qtn4etest@test.com|DE
d8aece63-c107-4542-b89b-a81960ff6bd9|PHC|+375352344967|BY
451ce8ec-4998-456c-b3ef-83ab7555eb59|PLC|+375325545720|BY
2cab54a3-18f0-46bc-bb5f-c72708beb3f5|PHC|+375582750526|BY
6198e75d-728a-4280-9cbc-3882705767f1|PLC|+375993964879|DK
ef22ed50-f186-4ee6-914a-4813704da9c3|PHC|+375523928853|BY
502cbea3-6b50-41ad-9b5c-30d5bc618244|ME|TG4DEtest@test.com|BY
f7570cac-2af6-4bd8-aa6e-ed420eee9758|ME|Wlu4ltest@test.com|BY
1cd8c0b2-9503-450d-9c39-16fa5ccd9f19|PHC|+375523005366|FI
c3256c79-2b00-497e-a7df-757af51f30cf|SMS|+375800482183|UK
3bb83823-c7a8-4ac0-8125-f025b3f063b7|SMS|+375396730691|BY
07554037-2a62-4090-8485-680c83928a13|AE|p5nd1test@test.com|FI
96c3bc4a-4804-4629-962a-e9652b7c6c98|SMS|+375376562922|FI
b217f1b6-24e3-4530-ad2d-c3e4b6f605f5|PHC|+375874204308|UK
2633505a-4a80-4add-b044-116d40f473f7|PHC|+375789524631|BY
8a8a01c2-21e0-421f-bfb1-6f6d655b2547|ME|uUDOktest@test.com|DK
814578b4-1573-4e57-8b41-68452b06463f|SMS|+375342918423|DK
2b40d000-c060-4fd4-88fa-1bc2e4e804a2|PHC|+375833672449|BY
726af110-c7c8-46a5-862c-edaa68c546e3|PHC|+375650892163|DK
8a6c97a3-948d-4474-86e8-3c089d60ffbb|PHC|+375955151110|UA
5f735165-c781-42d0-856c-1376b6110582|ME|uTYoCtest@test.com|CA
faf7b202-9139-41a2-86f6-1f50fbb1356d|SMS|+375789443487|CA
17b01675-d82e-4972-8806-89c6f780556e|SMS|+375451052900|RU
a7665746-694a-478d-99ee-f6dc048ed790|PHC|+375932957197|BY
4660d7f2-74e2-44a3-a807-dcd8258069e0|AE|sQI74test@test.com|DK
6c015462-8218-49bd-b61c-753150ac8a54|SMS|+375676388292|DE
46969661-bfe1-40ae-86db-08d4a8ae3cdc|PHC|+375912980185|RU
fdb04af9-ec75-4665-b202-dab3365e5f70|ME|PBi5btest@test.com|CA
c5b59700-e187-4a06-a3cc-5a24c8f109f3|AE|X5ZGUtest@test.com|DE
6055b6d9-3b91-4f98-bd88-344e5b495bf8|SMS|+375621077703|CA
c8dc9eeb-948d-49a7-be17-4fe45ac4c953|ME|Hdd1mtest@test.com|CA
ff2a3ea9-68a2-4ac5-a51a-589ef3c6844e|PHC|+375995776517|UK
e270d4d7-6223-427d-a234-9ca7a5b65d34|SMS|+375754897160|FI
a01f03b2-d744-4142-b780-7d552ee1f9ae|PLC|+375766041430|BY
5b60de76-818d-400e-b549-c517b7de7231|PHC|+375591146678|UA
8e18ba81-79d5-4f6a-8792-ef2569bae2e4|SMS|+375964042480|RU
5bdca6ce-3e97-4ef2-9390-50ec46d73632|PLC|+375487767894|BY
0503b603-2d0e-41c3-adfb-082905561de3|AE|oYZGvtest@test.com|UK
b90bf152-fd17-4216-bb2b-78dd61953ee6|PLC|+375874543922|DK
a0ab99d1-e7e2-44da-ae3a-50eaec7acf37|SMS|+375371467905|DK
fa9ecb2d-d54a-4539-a5e2-7313d08053b9|PHC|+375512656907|CA
2d9434d1-f171-4347-a10a-95636271131e|ME|0ma6Ntest@test.com|FI
c6f3eb35-c278-4666-bd6d-5442e25ad79e|PHC|+375704181231|UA
86453ce5-9c5c-4e45-b72e-c31b29dd55c3|ME|4Lfmrtest@test.com|BY
edc6194c-196e-4793-bb86-ff00d18fccd7|PLC|+375829238617|UA
bd99b133-c3fd-402a-a09d-76756ced10a8|AE|I39Ajtest@test.com|BY
36b0154c-3567-4ef1-986b-de64578b218b|PHC|+375988116510|CA
eb31879e-c72a-484b-9fa3-b8d8ce53384a|PLC|+375950665672|BY
8b55485f-cc4a-43fd-b697-1466d71d0d16|ME|EFuSYtest@test.com|RU
a397f757-5a27-42aa-aa43-84741768fc08|ME|Z09Kjtest@test.com|BY
bba9a443-918a-4d8b-81d0-12c880779b46|SMS|+375584214678|DE
3855adec-d8a8-4c0c-87a9-1b20203e2adf|ME|6A3VJtest@test.com|FI
e0965dbd-157c-4965-a6b8-478150393f93|AE|IHreatest@test.com|UA
fc11ea24-5d09-493f-9a9c-09c9829c39c8|ME|oTqrWtest@test.com|CA
0b9997e6-3428-40df-b67d-a1057527867b|AE|wOVcqtest@test.com|UA
ffae7703-0ba5-4741-8c25-012339f60104|AE|RvySTtest@test.com|UK
93cba46b-e20c-4c27-b54d-2eb9d7f96ad6|PLC|+375600193538|FI
b6f3854d-b6f1-4022-8e1a-6057f706a14c|PLC|+375276458522|UK
5759b193-a01e-4bf7-8243-ec415e83d6ff|ME|Evf5atest@test.com|BY
99ef17f4-86c4-4761-906c-52958d3be756|SMS|+375311014378|CA
c212160d-776b-410a-ace8-22bafe5f0f34|SMS|+375503015436|RU
34bef7c5-19ab-4eca-b3ec-b7814e7e5df6|ME|kdPWZtest@test.com|DE
9a815d7c-9da4-4579-b1e2-a99a3fd267ba|ME|IwCYntest@test.com|DK
e00c26eb-5cbf-4150-99ca-c4a6390a4d48|PHC|+375329780905|RU
9f3626f9-16ee-4d68-b058-8dbb2e312277|SMS|+375927158496|DE
ccb8b64d-6ac7-4c79-ba76-e764d6d2bbe2|SMS|+375286481128|FI
d44122da-d02e-489e-a048-361631aa548d|AE|5SYxLtest@test.com|BY
fe20de8e-24db-499e-8cc2-910f1b03b361|ME|OFeFTtest@test.com|FI
726094e2-f681-4fea-863b-a1d733b702a2|AE|zGeNxtest@test.com|UA
0e244c2a-26e9-434e-8080-4143a865c9a6|PHC|+375641856742|BY
4ae5455c-b88b-4a51-8349-bd32b5d5d7ce|AE|BCiRjtest@test.com|UK
beb3b7dd-b44c-4178-9c95-b5f7e9fa9bd3|PHC|+375442094905|DE
859e67d4-a7da-44bf-9f60-cc994e6936a1|PHC|+375751834155|BY
5d50c8f7-e0a6-44ea-84e1-3464f2f71fe4|PHC|+375381511537|UA
43faf752-a776-4e8d-a79a-ee999c6f2d99|AE|G3SuRtest@test.com|BY
930fa2a1-cb1a-41be-81e2-0bbb410bfde1|ME|6KnQitest@test.com|DK
43c04e37-17ff-44ff-b70b-4071c693b51a|SMS|+375448605921|DE
7547037d-4fc3-4847-97b9-b7e7ba901c7a|ME|vw4n2test@test.com|CA
d740e7f2-654d-4528-b133-4162615944fd|PHC|+375987990913|CA
ca7a2c73-b8e1-4626-8118-88036950ce1e|AE|Vhir9test@test.com|DK
23e09d70-5d29-412a-8ff2-6513b107ffa4|AE|j2RVftest@test.com|UA
d93b7459-3f1e-4ad9-bb13-05cf051ac724|AE|zpktJtest@test.com|UK
e852226a-8e44-4cb9-93d8-916d09c49756|AE|fPhOstest@test.com|FI
6a31ff06-1017-42e6-b1d6-6794918b8651|SMS|+375487052973|UA
b192d0a9-411d-42cb-9145-2797cceaf626|PLC|+375897638902|BY
7ca72675-365f-4d68-b94d-ec0f7a7fa108|PLC|+375274980005|BY
9d64a485-cfb3-41c2-a45c-312c4feeafec|AE|YtilUtest@test.com|UA
cf677024-a5bf-4af5-94b1-6ddd6be04014|PHC|+375978610682|BY
e018a7ee-4d50-46bf-9128-d3b81d91e0c0|PHC|+375598301679|CA
bfb6f4e6-d285-469b-a171-cb1d6aaca42b|PLC|+375287200024|DK
7d144890-344b-44d0-b1ea-9f583673d878|ME|NfH3Ntest@test.com|DK
1408d10e-43fa-4e15-a00f-db5ec131936d|PHC|+375478703416|UA
7d3634be-de60-4a0a-bd7d-73f3a7606ce1|AE|WJQc6test@test.com|BY
900f051b-40af-4296-a04e-051eb737d245|PHC|+375916123122|UA
cd5f3a5f-4f8b-493f-9bc8-7bf6b26ffc82|AE|jmxkRtest@test.com|BY
95fb155c-e2f4-4717-856d-88fbd4773c27|SMS|+375366083712|UK
8c57e6bf-0c63-4a96-a434-466099f31e97|PHC|+375534542586|CA
df604666-d488-4613-9256-f7d225dcb3d3|SMS|+375256427140|BY
58b2d1c7-3dea-41a5-9f5f-b5c28d9f6a54|AE|a7nKmtest@test.com|FI
5772c5d1-ace5-4f6b-ad0d-1620cb3d6cfd|ME|qjboHtest@test.com|BY
185fba51-2bb5-461f-b065-20d3c9e91212|PHC|+375902471355|BY
1bd2e2b2-27b1-456e-ba3a-48fa44a5d292|PLC|+375760239480|UA
2e33361f-f587-473b-ba11-67f8ea6cb93f|ME|dFqTQtest@test.com|DK
8d4fd43b-fe09-4015-bc65-d01c2df48b5d|ME|Bpbejtest@test.com|CA
ea3c088d-1766-4ed6-9c2c-325c160e26bc|SMS|+375412772113|DE
d6ee269a-6602-414c-8c4e-45ce65499496|SMS|+375255449894|BY
3e420b27-79dd-4289-8fc4-a2377bc1a290|ME|tR6mytest@test.com|CA
ece735d4-5cff-44c5-8571-b081f5160634|PLC|+375977422511|RU
ed922b4d-6faf-4e85-a831-e605339e40b9|PHC|+375567413306|CA
3d446819-5566-4d4b-b5fb-ee3947f8572d|AE|xGyNGtest@test.com|CA
7790c361-2044-4adf-ac14-6685fd3f337a|SMS|+375815068428|RU
3e2db728-5d97-4e59-ba71-f5100bfa67a8|AE|TIbYRtest@test.com|DK
e1d6a97a-c5fe-489f-90e0-40282fdeac94|PLC|+375919805151|UA
ddfa8d00-fb49-48b3-a45a-98e742c6878e|PHC|+375527631264|RU
69f72cd1-5326-4c9c-b5ae-04ffc19662bc|SMS|+375632030726|RU
47006a0d-8480-4f72-bd13-8f1df513b330|SMS|+375811189009|CA
f5c95ebc-e7f2-4480-9f83-c989f68c3ae4|ME|7IboPtest@test.com|UA
e0d259f6-233a-4b9b-aa48-a5092f1eb67f|PLC|+375335773674|BY
60d565f8-e627-410b-a2fd-53099e0618bd|AE|gyL0itest@test.com|BY
eb481d7e-ad17-40cb-bcd2-2f11351684df|PHC|+375366376758|DK
593dfb9d-2899-4d0a-af69-58973f074b56|PHC|+375353797044|CA
90977e46-255c-4a2f-a82f-441676e795a4|SMS|+375291642556|BY
7d2a0d00-4b2a-4cc4-80aa-d8ee5bf52a7e|PHC|+375558526286|FI
656f9771-fdbb-4152-bd17-588c1221473c|ME|qz0J0test@test.com|CA
620c980c-59db-47fd-a178-cc6ccdc8c8c3|PLC|+375832131073|BY
32f19de7-fc76-4cd9-a1e9-929e20aaf545|PHC|+375270620363|BY
9d0abda9-6db6-48f7-a47a-90b18f331a87|PLC|+375500631096|CA
9ec7d52b-1663-4e74-83ca-4c79a131fb42|AE|X1CA5test@test.com|BY
88c27822-f90d-4111-8701-d8237d3b992a|AE|2NOKvtest@test.com|CA
e48884cb-9a3b-40b5-8263-227b3876b1c2|PLC|+375769721894|UK
a7507ce5-97a2-43a4-a148-ded2e8302958|AE|h7tf1test@test.com|RU
b6e444a2-65be-40f8-ac28-178c0e581a0d|PHC|+375446241358|FI
44bc1f84-c5d2-4f58-9e10-bf0445b008e2|ME|83CI8test@test.com|DE
2c68522e-13d5-4c24-814e-bca1dbe1abf4|AE|kFWwbtest@test.com|BY
93083e1f-3f1d-4849-b2d4-8717241afb0f|AE|vWub9test@test.com|BY
cc510f16-2395-484c-bd0d-eefc61a03e04|PLC|+375599511139|UA
c96722de-367a-4920-b80c-e0613882c380|PHC|+375872818308|RU
8ee26ea1-a8cb-4473-814e-ae810a808785|ME|Zoo3jtest@test.com|FI
8074c584-b51f-4f79-b3ee-35816ad9f9c2|SMS|+375751289853|UA
2b782534-6553-48fb-997a-dc57a134bfaa|PLC|+375844489826|UA
e51eedeb-d88f-47a4-b2f6-1c57561becd8|PLC|+375313328492|RU
2db9e7f9-a540-4b41-b68e-9e5fc1249f1e|AE|KwJE3test@test.com|BY
fd5309d9-a5b0-4761-b333-1736bbab8295|PHC|+375586630402|UA
71b34130-b536-4273-b4d4-d1647e892e2f|ME|ql6Cktest@test.com|UA
7a0be6fa-7212-441c-8523-f1f129a4173c|PHC|+375498412839|UK
3ccfb081-d86c-4d83-b3f8-5d4ae256068f|SMS|+375486095202|UK
15aa2ac0-8c71-4326-ac5b-afc96503c770|PLC|+375616325589|UA
2ab1d388-cb4d-4e41-9c51-bef1eabca80c|PLC|+375395840411|UA
0866925c-8ba7-48f8-aaac-83f4fa0e974d|PLC|+375831468395|BY
b51472ab-d1a2-4473-8439-aa93088c8c6c|ME|ZJhImtest@test.com|BY
f7643b6f-fa5c-4cb8-8020-69ea460ae18e|ME|YK47Vtest@test.com|UK
1ced92b1-3c69-42c5-a2f1-12cf9147829d|SMS|+375727448060|UA
5406b251-2f4c-4e8e-a62a-fc6fb22e3fd5|SMS|+375780391671|DE
e75b5d2b-9671-4810-aabf-b420a085e5c0|PLC|+375465017837|RU
508791bb-8f19-4ade-8d20-721105a02bbb|SMS|+375702863705|CA
96c12e00-048d-4e18-8b10-f4277320ad16|PLC|+375577139769|DK
6dcfee7a-9558-4607-ac22-81afda9fd13d|SMS|+375756671252|BY
b7451543-2393-46de-a4bf-1323ff351b0a|ME|OdJFJtest@test.com|CA
e8e4abbf-13e0-447e-b2da-212cc597f834|PHC|+375468145392|DE
e4b8fee0-4a6f-4471-8802-057d972f1ca9|AE|lI1o2test@test.com|BY
796c645a-d045-45ff-89ed-1344f37736c0|AE|PJ6Qvtest@test.com|DK
592f50b4-bcac-412b-8fc3-e49fa463a571|PHC|+375883047189|BY
1aada7be-c91d-470d-a5d3-51e4892f53ca|AE|nBFyLtest@test.com|BY
d4a08b89-e722-41de-b551-b4b0605225e6|SMS|+375866906136|RU
5154e5e6-5d96-4732-bb5e-aac2d1f46711|PLC|+375864647601|UA
8dbda945-00b1-44da-8adc-4bd34e33ddc2|SMS|+375255229844|BY
0f7fbc4a-346c-49d8-a651-101b3675323f|PHC|+375448197784|UA
cfa1991e-ff7e-4083-8cb3-cba9458f43f7|AE|W1EnTtest@test.com|DE
9a6791c6-aa88-40f6-bdc3-143bc604a74a|AE|alonetest@test.com|RU
708dcf1b-3cd4-4920-9c9a-bc1e7337fd6d|AE|Qh769test@test.com|BY
54600f28-e3c4-4523-bb8e-58d90c1bbb1b|PHC|+375919325517|RU
afae671c-1c3f-4285-86c4-697fca753be2|AE|A1AeCtest@test.com|UK
799451de-55f4-4510-8587-2478fd8af255|AE|TBomctest@test.com|RU
762d9f66-651f-4c86-98c0-f253f1c87d9f|PHC|+375642679157|FI
